Fecha,Producto,Categoría,Precio,Cantidad,Ciudad
2024-01-01,Zapatos,Accesorios,79.41220016677642,4,Cartagena
2024-01-02,Bolso,Accesorios,88.14709963320281,3,Bogota
2024-01-02,Camiseta,Accesorios,59.833274711122066,1,Medellin
2024-01-02,Zapatos,Ropa,82.45402007674257,2,Cartagena
2024-01-04,Bolso,Ropa,48.41100148030745,3,Medellin
2024-01-04,Zapatos,Ropa,97.75604466506283,2,Barranquilla
2024-01-05,Sombrero,Calzado,99.62482375264337,4,Cartagena
2024-01-05,Zapatos,Ropa,44.09394090012241,2,Cartagena
2024-01-06,Zapatos,Calzado,97.11946598538108,4,Cartagena
2024-01-09,Pantalón,Accesorios,31.25048798056639,3,Medellin
2024-01-09,Sombrero,Ropa,73.4575927866994,4,Cali
2024-01-10,Camiseta,Accesorios,29.808749267298737,1,Cali
2024-01-13,Bolso,Accesorios,91.70795174162643,4,Medellin
2024-01-13,Zapatos,Accesorios,21.986661270137475,2,Cartagena
2024-01-14,Zapatos,Ropa,36.78716570583798,3,Barranquilla
2024-01-15,Zapatos,Accesorios,15.207750798193665,3,Barranquilla
2024-01-15,Camiseta,Ropa,63.26998649391559,1,Barranquilla
2024-01-16,Pantalón,Ropa,81.98038198668425,4,Medellin
2024-01-17,Zapatos,Ropa,74.66115437528983,3,Cartagena
2024-01-18,Camiseta,Ropa,17.908130011839113,3,Bogota
2024-01-20,Bolso,Accesorios,74.24042093697933,2,Cali
2024-01-21,Pantalón,Ropa,61.603033750474,4,Cartagena
2024-01-21,Sombrero,Accesorios,76.59178844026371,3,Cali
2024-01-22,Bolso,Accesorios,94.03226413838871,2,Cali
2024-01-22,Camiseta,Accesorios,54.64337088640656,1,Barranquilla
2024-01-23,Camiseta,Calzado,80.24461367914789,2,Barranquilla
2024-01-26,Camiseta,Ropa,26.77644881093297,1,Medellin
2024-01-27,Pantalón,Accesorios,85.80826317683635,3,Barranquilla
2024-01-28,Bolso,Accesorios,31.375582416322295,2,Cali
2024-01-28,Sombrero,Accesorios,98.67574455989539,2,Cartagena
2024-01-29,Pantalón,Accesorios,64.25036938209686,3,Barranquilla
2024-02-02,Sombrero,Accesorios,54.842292806404615,4,Cali
2024-02-02,Bolso,Accesorios,49.27022484459004,4,Barranquilla
2024-02-04,Zapatos,Accesorios,53.42688546783782,1,Cali
2024-02-04,Bolso,Accesorios,72.58700107959828,4,Bogota
2024-02-04,Pantalón,Accesorios,54.1673901332906,2,Cali
2024-02-05,Bolso,Calzado,34.38618782636169,1,Medellin
2024-02-05,Sombrero,Accesorios,71.46838570754191,4,Barranquilla
2024-02-06,Pantalón,Calzado,76.26224653286394,3,Barranquilla
2024-02-06,Camiseta,Ropa,58.29315813885993,3,Cali
2024-02-07,Bolso,Accesorios,42.882113770665185,3,Barranquilla
2024-02-08,Bolso,Calzado,77.54517322887821,1,Bogota
2024-02-08,Sombrero,Calzado,59.38437782866678,1,Medellin
2024-02-08,Sombrero,Accesorios,92.1474516591216,1,Barranquilla
2024-02-10,Bolso,Calzado,71.29354843872181,3,Cali
2024-02-10,Sombrero,Accesorios,31.301667431387088,1,Cali
2024-02-11,Pantalón,Accesorios,19.608045934229594,3,Medellin
2024-02-13,Bolso,Calzado,99.63381178272962,4,Cartagena
2024-02-13,Zapatos,Ropa,77.46204699784649,4,Barranquilla
2024-02-14,Zapatos,Ropa,24.835083502330086,2,Cali
2024-02-15,Camiseta,Ropa,28.45698041345132,3,Barranquilla
2024-02-16,Pantalón,Accesorios,93.06642086186363,4,Bogota
2024-02-16,Zapatos,Ropa,46.80596593769439,1,Cartagena
2024-02-17,Sombrero,Ropa,91.96175784301417,3,Barranquilla
2024-02-17,Camiseta,Ropa,82.18983241240606,1,Cali
2024-02-18,Camiseta,Ropa,13.526769400808163,3,Bogota
2024-02-18,Bolso,Accesorios,83.87753258380172,2,Barranquilla
2024-02-19,Zapatos,Accesorios,18.253373253263298,3,Cali
2024-02-20,Zapatos,Calzado,75.84829797696761,2,Barranquilla
2024-02-20,Zapatos,Accesorios,17.90988620861295,1,Bogota
2024-02-20,Pantalón,Accesorios,58.8564379552068,4,Medellin
2024-02-21,Bolso,Ropa,83.47471616917561,1,Cartagena
2024-02-21,Zapatos,Accesorios,33.9344132467815,1,Bogota
2024-02-22,Pantalón,Accesorios,56.19935518231536,4,Cartagena
2024-02-22,Camiseta,Calzado,59.27016762092004,2,Barranquilla
2024-02-22,Sombrero,Ropa,77.9171762674105,3,Cartagena
2024-02-22,Zapatos,Ropa,86.24288296860308,3,Bogota
2024-02-23,Sombrero,Accesorios,29.145510552180607,4,Cali
2024-02-23,Zapatos,Calzado,85.99966053702659,2,Medellin
2024-02-23,Sombrero,Calzado,98.24164525831401,3,Barranquilla
2024-02-23,Bolso,Ropa,28.409013385251694,4,Cali
2024-02-23,Zapatos,Accesorios,20.50264577275132,4,Bogota
2024-02-24,Pantalón,Accesorios,32.50148042944942,1,Bogota
2024-02-27,Sombrero,Ropa,52.5849580946703,4,Cartagena
2024-02-27,Camiseta,Ropa,22.520457472875567,1,Cali
2024-02-27,Camiseta,Accesorios,12.072034430887376,4,Cali
2024-02-27,Sombrero,Calzado,76.73148200251408,2,Medellin
2024-02-28,Camiseta,Accesorios,47.61514285440209,3,Barranquilla
2024-02-29,Bolso,Accesorios,10.23355219452819,1,Bogota
2024-02-29,Pantalón,Ropa,19.262442766973052,1,Cartagena
2024-03-02,Bolso,Ropa,47.01296049268321,3,Barranquilla
2024-03-02,Pantalón,Ropa,98.01106018788438,1,Bogota
2024-03-03,Pantalón,Ropa,25.271191350600898,4,Barranquilla
2024-03-03,Bolso,Calzado,75.74942231283713,3,Cartagena
2024-03-03,Camiseta,Calzado,32.831395648582486,2,Medellin
2024-03-05,Camiseta,Calzado,73.73630760248798,4,Cali
2024-03-06,Sombrero,Ropa,88.89953373332135,1,Medellin
2024-03-08,Camiseta,Accesorios,62.78818911946832,1,Bogota
2024-03-09,Bolso,Accesorios,87.71663265516612,4,Bogota
2024-03-09,Pantalón,Accesorios,39.8931771389445,2,Medellin
2024-03-12,Zapatos,Calzado,82.08543652141597,1,Medellin
2024-03-15,Sombrero,Ropa,41.87320037138129,4,Cartagena
2024-03-16,Camiseta,Calzado,44.137512854699395,1,Cali
2024-03-21,Sombrero,Ropa,47.84822007985676,2,Cali
2024-03-21,Camiseta,Ropa,17.49559700757337,1,Barranquilla
2024-03-21,Bolso,Ropa,61.432572268450954,3,Medellin
2024-03-26,Sombrero,Accesorios,80.90108998430432,3,Cartagena
2024-03-26,Bolso,Ropa,92.72588966520036,2,Medellin
2024-03-28,Sombrero,Ropa,83.83841593941412,2,Barranquilla
2024-03-29,Sombrero,Ropa,54.690507161476994,1,Bogota
2024-03-29,Sombrero,Ropa,21.052970366116043,4,Cartagena
2024-04-01,Bolso,Accesorios,61.97376438155131,2,Cartagena
2024-04-01,Pantalón,Ropa,92.06671679586682,4,Barranquilla
2024-04-01,Sombrero,Accesorios,96.11207966138107,4,Cartagena
2024-04-03,Sombrero,Accesorios,51.91301100869319,1,Bogota
2024-04-04,Sombrero,Accesorios,55.54935607234123,2,Bogota
2024-04-05,Pantalón,Accesorios,11.996626782727146,1,Barranquilla
2024-04-05,Camiseta,Ropa,16.958895893990853,1,Bogota
2024-04-05,Camiseta,Ropa,36.96363205898293,3,Cali
2024-04-05,Sombrero,Accesorios,42.43105856847414,2,Cartagena
2024-04-06,Camiseta,Calzado,51.41072430852148,2,Cartagena
2024-04-06,Pantalón,Accesorios,99.75299812915549,3,Cali
2024-04-07,Bolso,Ropa,28.821771197066276,2,Cartagena
2024-04-08,Bolso,Accesorios,18.306152760587146,1,Bogota
2024-04-08,Pantalón,Calzado,57.813917857618065,1,Medellin
2024-04-08,Zapatos,Calzado,18.02838958408506,1,Cali
2024-04-08,Zapatos,Accesorios,13.906070496835548,2,Barranquilla
2024-04-08,Pantalón,Ropa,73.98572309530735,4,Medellin
2024-04-08,Camiseta,Ropa,93.88129080312407,4,Medellin
2024-04-09,Camiseta,Ropa,68.63362946720092,3,Barranquilla
2024-04-09,Camiseta,Calzado,32.34037984814367,2,Barranquilla
2024-04-09,Sombrero,Ropa,97.79871841144806,4,Medellin
2024-04-10,Pantalón,Ropa,74.26576740012527,4,Bogota
2024-04-10,Camiseta,Ropa,63.09603074238725,4,Cartagena
2024-04-10,Zapatos,Ropa,24.95938887183276,4,Bogota
2024-04-12,Pantalón,Accesorios,51.13001973535105,1,Medellin
2024-04-12,Camiseta,Calzado,94.95024441046814,2,Cartagena
2024-04-12,Camiseta,Ropa,21.565031791051915,4,Cali
2024-04-13,Bolso,Ropa,74.94368956761494,3,Bogota
2024-04-13,Sombrero,Ropa,19.43822498792328,3,Medellin
2024-04-15,Pantalón,Ropa,84.41189450281705,2,Cali
2024-04-15,Zapatos,Accesorios,95.15750885935212,3,Bogota
2024-04-16,Pantalón,Ropa,67.27632377014102,1,Medellin
2024-04-17,Zapatos,Calzado,58.283321633613525,2,Bogota
2024-04-17,Zapatos,Accesorios,43.906507294414666,2,Cali
2024-04-21,Zapatos,Accesorios,43.955736871786534,1,Barranquilla
2024-04-21,Pantalón,Ropa,85.6638987290138,2,Cali
2024-04-22,Bolso,Accesorios,53.20413703166276,2,Barranquilla
2024-04-22,Camiseta,Ropa,81.26360555226697,1,Barranquilla
2024-04-22,Pantalón,Ropa,67.5425221276818,4,Barranquilla
2024-04-22,Sombrero,Calzado,45.74474492536743,3,Bogota
2024-04-22,Camiseta,Accesorios,84.82343410562511,3,Medellin
2024-04-23,Sombrero,Ropa,77.13770729938463,3,Cali
2024-04-25,Sombrero,Accesorios,63.449478780210896,3,Medellin
2024-04-25,Bolso,Ropa,88.0493482967251,1,Medellin
2024-04-25,Bolso,Accesorios,77.49196745229746,2,Cali
2024-04-26,Pantalón,Calzado,75.34860274561606,3,Bogota
2024-04-27,Zapatos,Calzado,85.63956687823806,1,Cartagena
2024-04-29,Pantalón,Ropa,77.46546088077287,4,Cali
2024-04-29,Camiseta,Ropa,48.12371761784346,2,Bogota
2024-04-30,Pantalón,Accesorios,58.09116475265168,2,Cartagena
2024-05-01,Zapatos,Accesorios,83.00837590624027,3,Cartagena
2024-05-01,Bolso,Accesorios,68.62304898894214,4,Cali
2024-05-02,Bolso,Accesorios,79.20259671838578,3,Cali
2024-05-03,Sombrero,Calzado,46.027044001925326,1,Cartagena
2024-05-03,Pantalón,Calzado,63.91264282995938,4,Cartagena
2024-05-04,Sombrero,Calzado,25.005768399404484,2,Bogota
2024-05-05,Camiseta,Accesorios,19.382226944662854,1,Medellin
2024-05-05,Sombrero,Ropa,18.190188194619726,4,Bogota
2024-05-06,Camiseta,Ropa,92.68754700346719,1,Bogota
2024-05-06,Pantalón,Ropa,28.450162904791352,3,Cali
2024-05-07,Bolso,Ropa,31.991783991818906,2,Medellin
2024-05-07,Camiseta,Accesorios,71.611439309185,2,Medellin
2024-05-07,Zapatos,Accesorios,12.862421333664862,3,Cali
2024-05-07,Pantalón,Accesorios,15.716064663100122,1,Medellin
2024-05-08,Pantalón,Ropa,81.10761734116781,1,Cartagena
2024-05-08,Camiseta,Ropa,90.47955366063331,1,Barranquilla
2024-05-08,Zapatos,Accesorios,39.72272761171887,4,Medellin
2024-05-09,Camiseta,Calzado,75.37573293852054,3,Medellin
2024-05-09,Sombrero,Ropa,91.28359528089636,4,Barranquilla
2024-05-10,Zapatos,Calzado,29.51281959278421,2,Bogota
2024-05-10,Bolso,Accesorios,60.568002292939624,4,Bogota
2024-05-10,Sombrero,Ropa,29.31302077375367,2,Cartagena
2024-05-10,Camiseta,Calzado,21.980523572873043,2,Cali
2024-05-13,Zapatos,Calzado,79.9842055361703,1,Barranquilla
2024-05-14,Bolso,Accesorios,71.18603019102213,2,Bogota
2024-05-14,Pantalón,Accesorios,90.9682657430511,2,Barranquilla
2024-05-14,Pantalón,Calzado,46.02006035848223,3,Cali
2024-05-15,Pantalón,Ropa,49.10066600394442,2,Cali
2024-05-16,Sombrero,Accesorios,44.006549434820776,2,Cartagena
2024-05-18,Pantalón,Accesorios,46.46818781032754,1,Cali
2024-05-19,Zapatos,Accesorios,98.76312962801336,1,Medellin
2024-05-21,Camiseta,Calzado,58.58029557231697,2,Medellin
2024-05-22,Zapatos,Accesorios,35.178715645205116,1,Bogota
2024-05-22,Bolso,Ropa,49.487020784950516,2,Bogota
2024-05-23,Camiseta,Accesorios,28.502182753807375,1,Bogota
2024-05-23,Camiseta,Ropa,58.3537075042663,4,Barranquilla
2024-05-23,Bolso,Ropa,56.04913121925351,1,Cartagena
2024-05-23,Sombrero,Accesorios,60.895751259067644,1,Bogota
2024-05-24,Sombrero,Accesorios,30.461588472698832,2,Cartagena
2024-05-26,Bolso,Ropa,74.84644552523184,4,Cartagena
2024-05-26,Pantalón,Accesorios,64.17418559868642,3,Cartagena
2024-05-26,Pantalón,Accesorios,40.827183146068904,4,Cali
2024-05-26,Camiseta,Calzado,26.601658427697046,3,Cartagena
2024-05-26,Zapatos,Ropa,10.477000575784487,1,Bogota
2024-05-27,Pantalón,Ropa,88.68858443689754,3,Bogota
2024-05-27,Pantalón,Ropa,30.146415931568853,4,Medellin
2024-05-29,Pantalón,Accesorios,43.953317490517826,2,Cartagena
2024-05-29,Camiseta,Calzado,89.07662038360944,4,Cali
2024-05-30,Camiseta,Accesorios,39.708956197913984,2,Bogota
2024-05-30,Zapatos,Accesorios,99.18365288116516,3,Cali
2024-05-31,Sombrero,Accesorios,71.8448954862998,2,Bogota
2024-05-31,Bolso,Ropa,78.12992189550059,4,Cartagena
2024-05-31,Bolso,Accesorios,34.656501458902035,2,Bogota
2024-06-01,Camiseta,Ropa,48.83753288227984,4,Barranquilla
2024-06-01,Sombrero,Accesorios,58.18020076139712,3,Barranquilla
2024-06-02,Sombrero,Ropa,76.982468665896,2,Medellin
2024-06-03,Sombrero,Ropa,44.13057264674204,4,Bogota
2024-06-05,Zapatos,Ropa,91.69243357136916,3,Barranquilla
2024-06-06,Bolso,Accesorios,96.3167315107625,2,Cartagena
2024-06-06,Bolso,Calzado,30.27995179412754,4,Bogota
2024-06-06,Sombrero,Accesorios,85.47243028323624,1,Bogota
2024-06-08,Zapatos,Accesorios,36.81635063877554,3,Cartagena
2024-06-08,Zapatos,Ropa,16.858034163924682,2,Cali
2024-06-08,Bolso,Accesorios,34.18052338227766,4,Cali
2024-06-08,Bolso,Accesorios,93.16375831966899,3,Medellin
2024-06-09,Pantalón,Ropa,59.374280614433786,2,Cali
2024-06-09,Sombrero,Accesorios,60.196803935539364,3,Cartagena
2024-06-09,Zapatos,Ropa,12.742493746023474,3,Bogota
2024-06-09,Camiseta,Calzado,40.6562112517816,3,Medellin
2024-06-10,Zapatos,Accesorios,15.028403920961503,2,Medellin
2024-06-11,Zapatos,Accesorios,53.162389157882515,4,Cali
2024-06-11,Bolso,Ropa,76.68764748196014,1,Barranquilla
2024-06-13,Zapatos,Accesorios,28.454079565587243,3,Cali
2024-06-15,Camiseta,Ropa,43.995599755866536,4,Cali
2024-06-17,Sombrero,Ropa,76.31402278554216,4,Medellin
2024-06-18,Zapatos,Ropa,81.9583417827564,2,Cali
2024-06-18,Sombrero,Accesorios,59.6429085289663,1,Bogota
2024-06-18,Sombrero,Calzado,97.08224963682227,4,Medellin
2024-06-18,Camiseta,Accesorios,73.62824151191131,1,Medellin
2024-06-19,Bolso,Accesorios,47.00860487849676,1,Barranquilla
2024-06-20,Sombrero,Accesorios,58.15330588404195,1,Cali
2024-06-20,Pantalón,Ropa,93.21789972012364,1,Medellin
2024-06-20,Sombrero,Accesorios,89.0398600731273,3,Cartagena
2024-06-20,Bolso,Accesorios,50.5819402674494,1,Medellin
2024-06-21,Sombrero,Ropa,50.67537411691353,2,Bogota
2024-06-22,Bolso,Ropa,19.602932510209246,3,Barranquilla
2024-06-23,Bolso,Accesorios,61.83321177322762,2,Cali
2024-06-24,Bolso,Accesorios,39.73136331528226,1,Bogota
2024-06-24,Sombrero,Accesorios,84.51467984597427,4,Medellin
2024-06-27,Pantalón,Calzado,40.209405831726684,4,Bogota
2024-06-28,Sombrero,Accesorios,77.71628080349404,2,Bogota
2024-06-28,Bolso,Ropa,60.15748320010431,1,Bogota
2024-06-28,Bolso,Ropa,52.85896271101127,1,Barranquilla
2024-06-29,Sombrero,Ropa,17.85611616307079,3,Cali
2024-07-02,Camiseta,Ropa,85.78822735168387,1,Bogota
2024-07-03,Sombrero,Accesorios,64.33493785571251,4,Cali
2024-07-04,Sombrero,Accesorios,39.95342073212358,3,Medellin
2024-07-05,Camiseta,Ropa,72.79008163272385,4,Medellin
2024-07-05,Camiseta,Accesorios,47.49751519646313,2,Barranquilla
2024-07-05,Sombrero,Calzado,80.62014375498786,2,Cali
2024-07-06,Bolso,Accesorios,38.85779729435629,3,Medellin
2024-07-06,Pantalón,Accesorios,89.23239717745751,3,Bogota
2024-07-06,Zapatos,Calzado,59.31746949232786,2,Barranquilla
2024-07-07,Bolso,Ropa,26.768879154470863,4,Bogota
2024-07-07,Pantalón,Accesorios,70.94515081446836,2,Barranquilla
2024-07-08,Pantalón,Accesorios,72.43458466630045,3,Bogota
2024-07-08,Camiseta,Ropa,11.230476834429755,1,Cartagena
2024-07-08,Pantalón,Ropa,85.46326873875866,1,Cartagena
2024-07-08,Pantalón,Accesorios,61.16682553749625,3,Cali
2024-07-09,Camiseta,Ropa,43.23074333589065,2,Cartagena
2024-07-09,Sombrero,Accesorios,93.78361951185633,3,Barranquilla
2024-07-10,Pantalón,Accesorios,85.37417101022429,3,Cartagena
2024-07-10,Bolso,Accesorios,44.68569588690085,2,Medellin
2024-07-10,Sombrero,Accesorios,75.06064869595981,3,Bogota
2024-07-12,Bolso,Accesorios,41.959387295137425,2,Medellin
2024-07-13,Sombrero,Accesorios,64.67997000642156,4,Cali
2024-07-14,Camiseta,Accesorios,64.35620848652613,3,Cali
2024-07-16,Camiseta,Calzado,78.13730818382103,2,Cartagena
2024-07-16,Zapatos,Ropa,57.12420484135101,4,Cali
2024-07-16,Camiseta,Accesorios,62.16849410245646,3,Barranquilla
2024-07-17,Bolso,Ropa,41.05743650401481,1,Medellin
2024-07-19,Bolso,Ropa,52.994340179220494,3,Bogota
2024-07-19,Camiseta,Ropa,62.62894953542383,2,Barranquilla
2024-07-20,Bolso,Accesorios,76.33320011119079,4,Bogota
2024-07-21,Bolso,Ropa,51.34121271515552,4,Bogota
2024-07-22,Zapatos,Ropa,92.6609252445371,2,Cali
2024-07-24,Bolso,Ropa,54.37230919946245,3,Bogota
2024-07-25,Zapatos,Accesorios,96.28321666670615,4,Bogota
2024-07-26,Zapatos,Accesorios,62.57795362427523,3,Cartagena
2024-07-26,Sombrero,Ropa,45.69864417588267,2,Medellin
2024-07-26,Sombrero,Calzado,23.2965182715604,3,Cartagena
2024-07-31,Zapatos,Ropa,30.03187758139275,1,Bogota
2024-08-01,Sombrero,Ropa,32.7691151190317,1,Cartagena
2024-08-02,Camiseta,Ropa,85.32674868136364,4,Cali
2024-08-02,Zapatos,Accesorios,83.85755281695599,2,Bogota
2024-08-02,Bolso,Accesorios,15.995720115173528,1,Medellin
2024-08-03,Camiseta,Ropa,60.04045347783261,2,Barranquilla
2024-08-04,Sombrero,Ropa,62.317487550410405,3,Cali
2024-08-05,Pantalón,Calzado,62.83614017229105,1,Medellin
2024-08-05,Pantalón,Ropa,97.68233876809691,4,Bogota
2024-08-05,Bolso,Accesorios,72.72325502774333,4,Bogota
2024-08-05,Camiseta,Accesorios,91.94241505629458,1,Medellin
2024-08-07,Zapatos,Ropa,47.30541257832649,3,Bogota
2024-08-07,Camiseta,Calzado,65.55373408875629,2,Barranquilla
2024-08-07,Pantalón,Accesorios,52.89575357137708,3,Medellin
2024-08-09,Camiseta,Ropa,33.395487656883645,1,Cali
2024-08-09,Zapatos,Ropa,13.049124422193549,2,Cartagena
2024-08-10,Sombrero,Accesorios,87.45688161016605,1,Barranquilla
2024-08-10,Pantalón,Ropa,10.243980947289671,3,Bogota
2024-08-11,Pantalón,Ropa,67.29798894600543,3,Cali
2024-08-12,Zapatos,Accesorios,59.93340476880031,1,Bogota
2024-08-12,Camiseta,Accesorios,16.782315431721607,1,Medellin
2024-08-12,Pantalón,Ropa,32.62981955606186,1,Bogota
2024-08-13,Sombrero,Accesorios,14.647193008706155,4,Bogota
2024-08-14,Bolso,Ropa,16.789109238079234,3,Cartagena
2024-08-14,Pantalón,Calzado,60.75685828169527,1,Cali
2024-08-16,Zapatos,Ropa,33.0413978668296,2,Cali
2024-08-17,Pantalón,Accesorios,53.90288207278641,3,Medellin
2024-08-18,Zapatos,Ropa,22.046690692056988,2,Cali
2024-08-18,Bolso,Calzado,44.944154559088496,2,Cartagena
2024-08-18,Sombrero,Accesorios,50.791676214594794,4,Bogota
2024-08-18,Bolso,Accesorios,76.97904912489682,2,Medellin
2024-08-20,Zapatos,Calzado,92.18491770318785,4,Bogota
2024-08-20,Zapatos,Accesorios,78.3959868043827,2,Barranquilla
2024-08-20,Zapatos,Accesorios,54.83486679813036,1,Bogota
2024-08-20,Bolso,Accesorios,27.955623460448777,2,Barranquilla
2024-08-21,Zapatos,Accesorios,28.65048841072508,2,Cartagena
2024-08-23,Bolso,Accesorios,41.35029440078776,1,Cali
2024-08-24,Sombrero,Ropa,12.908435599868541,2,Medellin
2024-08-24,Pantalón,Ropa,90.2707217899099,3,Bogota
2024-08-24,Camiseta,Accesorios,31.231543113557308,2,Cali
2024-08-25,Bolso,Calzado,53.27532802801662,3,Bogota
2024-08-25,Bolso,Calzado,10.678092682066726,1,Cartagena
2024-08-26,Camiseta,Accesorios,43.699183274837985,3,Cali
2024-08-27,Pantalón,Calzado,40.740688941089054,3,Bogota
2024-08-28,Camiseta,Ropa,30.64552711344547,3,Cali
2024-08-29,Pantalón,Accesorios,18.998639844567705,4,Barranquilla
2024-08-30,Bolso,Accesorios,62.30463590627436,4,Cartagena
2024-08-31,Pantalón,Accesorios,62.24896111095189,3,Cartagena
2024-09-02,Bolso,Ropa,29.141270590710366,2,Bogota
2024-09-02,Camiseta,Accesorios,80.33630335762734,1,Cartagena
2024-09-03,Bolso,Calzado,84.26194090235175,1,Barranquilla
2024-09-03,Camiseta,Calzado,64.71049544148329,2,Cali
2024-09-03,Camiseta,Accesorios,72.7877684344117,3,Bogota
2024-09-06,Sombrero,Accesorios,34.98284553664763,1,Cartagena
2024-09-06,Camiseta,Accesorios,58.15627470402928,2,Cartagena
2024-09-08,Bolso,Accesorios,71.90062453864748,4,Cali
2024-09-08,Bolso,Calzado,87.68246697901034,2,Cartagena
2024-09-08,Zapatos,Ropa,88.01818347797573,4,Cartagena
2024-09-08,Pantalón,Ropa,56.371244937778975,4,Medellin
2024-09-09,Bolso,Calzado,50.88411749971897,3,Bogota
2024-09-09,Pantalón,Calzado,72.36013228227455,4,Bogota
2024-09-10,Bolso,Ropa,26.405549062836226,1,Cali
2024-09-10,Pantalón,Accesorios,63.75502740298875,2,Barranquilla
2024-09-10,Sombrero,Accesorios,24.896198568517644,3,Cartagena
2024-09-11,Bolso,Calzado,15.961238006667926,3,Bogota
2024-09-11,Sombrero,Ropa,44.57816482412979,1,Cartagena
2024-09-12,Camiseta,Accesorios,59.40297819000796,3,Barranquilla
2024-09-13,Bolso,Accesorios,36.50445521554869,2,Bogota
2024-09-13,Camiseta,Accesorios,37.89432336417498,1,Cali
2024-09-14,Camiseta,Accesorios,65.64284959041035,1,Cali
2024-09-15,Bolso,Accesorios,62.663457909292475,3,Cartagena
2024-09-15,Pantalón,Ropa,47.04950929217753,4,Barranquilla
2024-09-16,Sombrero,Ropa,80.31664454240823,4,Cartagena
2024-09-17,Sombrero,Ropa,84.05113166890239,3,Barranquilla
2024-09-18,Pantalón,Ropa,55.20595127162771,3,Medellin
2024-09-19,Pantalón,Ropa,53.30308546506639,1,Cali
2024-09-20,Camiseta,Ropa,70.90929139818729,2,Medellin
2024-09-20,Bolso,Ropa,54.45833384177764,4,Cartagena
2024-09-20,Camiseta,Ropa,66.16913897636539,3,Medellin
2024-09-20,Camiseta,Ropa,82.52783980670291,1,Cartagena
2024-09-21,Zapatos,Accesorios,14.813676707263202,3,Medellin
2024-09-23,Camiseta,Accesorios,21.587355846967952,2,Bogota
2024-09-24,Bolso,Ropa,97.11763888958407,1,Cartagena
2024-09-24,Camiseta,Accesorios,57.55331091674883,4,Cali
2024-09-25,Bolso,Accesorios,74.4561167259657,2,Barranquilla
2024-09-26,Sombrero,Accesorios,59.132419314849,4,Medellin
2024-09-27,Zapatos,Accesorios,48.11238480773067,2,Cali
2024-09-27,Zapatos,Ropa,88.04790401995034,1,Cali
2024-09-27,Zapatos,Accesorios,22.881518699362264,1,Cali
2024-09-27,Pantalón,Ropa,71.92270091575351,4,Bogota
2024-09-28,Pantalón,Ropa,24.896845933056078,3,Bogota
2024-09-29,Pantalón,Ropa,93.380448123074,3,Bogota
2024-09-30,Pantalón,Accesorios,58.08947261775071,1,Barranquilla
2024-10-01,Sombrero,Ropa,65.3455236837389,1,Medellin
2024-10-03,Camiseta,Accesorios,44.08953633561604,3,Bogota
2024-10-03,Sombrero,Calzado,71.34523020755108,3,Medellin
2024-10-03,Pantalón,Ropa,11.641823328552494,2,Bogota
2024-10-04,Camiseta,Accesorios,38.029983764107705,4,Barranquilla
2024-10-05,Pantalón,Ropa,19.199139780267963,3,Medellin
2024-10-06,Zapatos,Calzado,41.44482991443997,2,Cali
2024-10-06,Pantalón,Calzado,65.87251159798822,3,Medellin
2024-10-06,Bolso,Accesorios,57.6856020863005,3,Medellin
2024-10-06,Sombrero,Accesorios,30.990526518207503,2,Barranquilla
2024-10-06,Bolso,Ropa,86.56547140148092,1,Cartagena
2024-10-07,Bolso,Accesorios,22.494229609781833,4,Cartagena
2024-10-09,Bolso,Calzado,15.008814042127781,2,Medellin
2024-10-09,Camiseta,Accesorios,92.37289075021957,2,Cali
2024-10-09,Bolso,Ropa,72.25429574520209,1,Medellin
2024-10-10,Pantalón,Ropa,90.69492366766187,1,Barranquilla
2024-10-10,Camiseta,Ropa,53.23330736797192,3,Bogota
2024-10-10,Sombrero,Calzado,17.447357803177553,2,Barranquilla
2024-10-11,Camiseta,Ropa,20.284057005011896,4,Medellin
2024-10-12,Pantalón,Accesorios,84.6247798635863,2,Barranquilla
2024-10-12,Bolso,Ropa,72.72653161297794,4,Cartagena
2024-10-14,Sombrero,Ropa,57.86717317193566,1,Cartagena
2024-10-14,Zapatos,Ropa,46.76664636423252,4,Medellin
2024-10-15,Zapatos,Accesorios,61.98687586823925,2,Medellin
2024-10-15,Sombrero,Accesorios,79.04753677977145,4,Medellin
2024-10-15,Bolso,Accesorios,60.80126882703772,1,Cartagena
2024-10-16,Zapatos,Ropa,51.30900892153117,2,Medellin
2024-10-16,Bolso,Calzado,16.20293854304969,2,Cartagena
2024-10-19,Pantalón,Calzado,39.04177494498253,4,Bogota
2024-10-20,Camiseta,Ropa,14.127513976416965,4,Bogota
2024-10-20,Zapatos,Ropa,69.01503718426679,2,Bogota
2024-10-21,Bolso,Accesorios,17.956740102908192,2,Barranquilla
2024-10-22,Pantalón,Accesorios,48.3482327542247,2,Bogota
2024-10-24,Pantalón,Ropa,38.94244882120261,1,Cartagena
2024-10-25,Camiseta,Accesorios,14.328517956767893,4,Cartagena
2024-10-27,Camiseta,Ropa,41.51964220302822,3,Medellin
2024-10-28,Sombrero,Accesorios,79.1001551298555,2,Cartagena
2024-10-30,Bolso,Accesorios,15.61072262601173,4,Bogota
2024-10-30,Sombrero,Accesorios,40.37021504847263,1,Barranquilla
2024-10-30,Pantalón,Accesorios,92.56560517769785,2,Bogota
2024-10-30,Sombrero,Ropa,97.17867495767214,3,Cartagena
2024-10-30,Pantalón,Accesorios,17.606530691261373,4,Bogota
2024-10-31,Zapatos,Ropa,99.7923354331459,1,Cartagena
2024-11-01,Bolso,Accesorios,67.03827073481595,1,Medellin
2024-11-02,Bolso,Ropa,34.725861732331786,3,Barranquilla
2024-11-02,Sombrero,Calzado,31.473717381130616,4,Cartagena
2024-11-03,Camiseta,Accesorios,41.285729303441514,2,Medellin
2024-11-03,Bolso,Accesorios,63.85984310847043,3,Bogota
2024-11-04,Zapatos,Accesorios,13.506681907921026,4,Barranquilla
2024-11-05,Camiseta,Accesorios,20.211814181570322,2,Cartagena
2024-11-05,Pantalón,Ropa,68.39405562624184,4,Medellin
2024-11-06,Bolso,Ropa,11.098276508624007,1,Medellin
2024-11-08,Zapatos,Accesorios,62.9476008215551,2,Medellin
2024-11-09,Zapatos,Accesorios,54.58812637635691,1,Cartagena
2024-11-09,Zapatos,Accesorios,33.46250754123128,4,Cali
2024-11-10,Sombrero,Ropa,14.220682101209793,2,Cali
2024-11-11,Camiseta,Calzado,38.457692406684515,1,Medellin
2024-11-11,Sombrero,Ropa,45.065627759728315,3,Bogota
2024-11-12,Bolso,Accesorios,61.8398576025094,3,Medellin
2024-11-13,Sombrero,Accesorios,31.697634909666867,1,Barranquilla
2024-11-13,Camiseta,Accesorios,37.69995157939445,2,Cartagena
2024-11-13,Pantalón,Accesorios,63.36666147329394,1,Cali
2024-11-14,Sombrero,Calzado,35.913665482815354,1,Medellin
2024-11-15,Sombrero,Accesorios,88.04049464887498,3,Cali
2024-11-16,Sombrero,Accesorios,90.97007007629558,3,Medellin
2024-11-17,Zapatos,Calzado,45.233389918135174,3,Barranquilla
2024-11-18,Sombrero,Ropa,64.54916929502548,1,Medellin
2024-11-18,Zapatos,Accesorios,28.155741609721225,1,Barranquilla
2024-11-19,Camiseta,Ropa,81.68245981064895,4,Barranquilla
2024-11-20,Zapatos,Calzado,45.75863039118381,1,Cartagena
2024-11-20,Pantalón,Accesorios,41.26720674028728,2,Cali
2024-11-20,Pantalón,Accesorios,56.365631416613134,3,Barranquilla
2024-11-21,Camiseta,Ropa,80.0714745145676,4,Bogota
2024-11-21,Sombrero,Accesorios,26.206054511436868,1,Bogota
2024-11-22,Bolso,Ropa,44.0188831110029,3,Cartagena
2024-11-22,Zapatos,Calzado,94.64786444218451,3,Bogota
2024-11-23,Zapatos,Ropa,17.46021895240188,3,Cartagena
2024-11-24,Sombrero,Calzado,31.44125371635815,1,Medellin
2024-11-26,Bolso,Accesorios,61.217332224917286,4,Cali
2024-11-26,Sombrero,Accesorios,66.33457030914155,1,Bogota
2024-12-03,Bolso,Calzado,23.194433952282296,3,Medellin
2024-12-03,Zapatos,Calzado,58.09811533592707,3,Medellin
2024-12-03,Zapatos,Calzado,52.65729472875005,4,Barranquilla
2024-12-05,Camiseta,Accesorios,45.36905040809732,1,Cali
2024-12-05,Sombrero,Calzado,41.94146714164486,1,Medellin
2024-12-05,Zapatos,Accesorios,76.36646854844372,1,Cartagena
2024-12-06,Pantalón,Accesorios,12.956200321909451,3,Bogota
2024-12-07,Pantalón,Accesorios,93.96442603899592,2,Cartagena
2024-12-07,Pantalón,Accesorios,30.61228518323167,2,Medellin
2024-12-07,Sombrero,Calzado,61.58357643316498,1,Bogota
2024-12-08,Pantalón,Accesorios,64.72790645876967,1,Medellin
2024-12-09,Zapatos,Calzado,40.28987933998538,2,Cartagena
2024-12-09,Zapatos,Ropa,32.38517389872592,1,Cartagena
2024-12-10,Pantalón,Accesorios,94.29833366701365,3,Bogota
2024-12-10,Pantalón,Accesorios,53.35002891677038,1,Medellin
2024-12-11,Pantalón,Ropa,96.26873471948785,3,Bogota
2024-12-11,Pantalón,Ropa,19.071514271429784,1,Cali
2024-12-11,Pantalón,Ropa,45.50696187473169,2,Bogota
2024-12-11,Pantalón,Ropa,97.57993143430939,3,Bogota
2024-12-11,Zapatos,Accesorios,24.127991444457436,1,Barranquilla
2024-12-13,Sombrero,Ropa,13.313968087239225,2,Barranquilla
2024-12-14,Pantalón,Accesorios,73.650708608,1,Cartagena
2024-12-14,Sombrero,Ropa,94.98264374126506,1,Barranquilla
2024-12-14,Bolso,Ropa,72.6851319604371,2,Cartagena
2024-12-14,Camiseta,Ropa,30.98947703948211,1,Bogota
2024-12-14,Camiseta,Accesorios,30.465605878940135,3,Bogota
2024-12-15,Camiseta,Ropa,53.7721733796047,1,Medellin
2024-12-16,Zapatos,Ropa,73.52483354908252,2,Medellin
2024-12-17,Pantalón,Accesorios,83.96115731600042,3,Barranquilla
2024-12-17,Sombrero,Ropa,68.21635255018515,1,Barranquilla
2024-12-19,Bolso,Calzado,41.98262066365563,3,Cartagena
2024-12-20,Pantalón,Ropa,79.46937825384205,2,Bogota
2024-12-20,Camiseta,Ropa,31.21225714584998,2,Cartagena
2024-12-22,Camiseta,Calzado,38.03258540194817,1,Cartagena
2024-12-24,Zapatos,Ropa,76.33906352587174,2,Bogota
2024-12-24,Camiseta,Accesorios,75.35087596646633,1,Cali
2024-12-25,Zapatos,Ropa,64.21968333110071,3,Bogota
2024-12-25,Zapatos,Ropa,42.03923358447875,2,Bogota
2024-12-25,Camiseta,Ropa,81.48605049698162,2,Bogota
2024-12-25,Camiseta,Accesorios,28.601592388907086,3,Barranquilla
2024-12-25,Pantalón,Calzado,92.72041437507934,2,Cartagena
2024-12-29,Sombrero,Ropa,21.492075648021903,4,Bogota
2024-12-30,Sombrero,Ropa,58.587457340155304,4,Cartagena
2024-12-30,Camiseta,Accesorios,86.57357660525317,2,Bogota
2024-12-31,Zapatos,Accesorios,40.863417785043424,3,Bogota
